Date,Currency,Rate
2024-01-02,AED,351.07
2024-01-02,CNH,180.84
2024-01-02,EUR,1423.63
2024-01-02,JPY(100),915.6
2024-01-02,USD,1289.4
2024-01-03,AED,353.77
2024-01-03,CNH,182.63
2024-01-03,EUR,1421.82
2024-01-03,JPY(100),914.55
2024-01-03,USD,1299.3
2024-01-04,AED,356.35
2024-01-04,CNH,183.19
2024-01-04,EUR,1429.86
2024-01-04,JPY(100),914.76
2024-01-04,USD,1308.8
2024-01-05,AED,356.74
2024-01-05,CNH,182.94
2024-01-05,EUR,1434.28
2024-01-05,JPY(100),905.68
2024-01-05,USD,1310.2
2024-01-08,AED,357.67
2024-01-08,CNH,183
2024-01-08,EUR,1437.19
2024-01-08,JPY(100),907.47
2024-01-08,USD,1313.7
2024-01-09,AED,357.97
2024-01-09,CNH,183.47
2024-01-09,EUR,1439.84
2024-01-09,JPY(100),912.14
2024-01-09,USD,1314.8
2024-01-10,AED,357.25
2024-01-10,CNH,182.96
2024-01-10,EUR,1434.32
2024-01-10,JPY(100),908.94
2024-01-10,USD,1312.1
2024-01-11,AED,359.42
2024-01-11,CNH,183.83
2024-01-11,EUR,1448.55
2024-01-11,JPY(100),906.6
2024-01-11,USD,1320.1
2024-01-12,AED,358.3
2024-01-12,CNH,183.51
2024-01-12,EUR,1444.11
2024-01-12,JPY(100),906.24
2024-01-12,USD,1316
2024-01-15,AED,357.77
2024-01-15,CNH,183.35
2024-01-15,EUR,1438.55
2024-01-15,JPY(100),906.03
2024-01-15,USD,1314.1
2024-01-16,AED,359.2
2024-01-16,CNH,183.63
2024-01-16,EUR,1444.44
2024-01-16,JPY(100),905.09
2024-01-16,USD,1319.3
2024-01-17,AED,361.84
2024-01-17,CNH,184.7
2024-01-17,EUR,1445.69
2024-01-17,JPY(100),903.22
2024-01-17,USD,1329
2024-01-18,AED,365.71
2024-01-18,CNH,186.19
2024-01-18,EUR,1461.67
2024-01-18,JPY(100),906.74
2024-01-18,USD,1343.2
2024-01-19,AED,365.48
2024-01-19,CNH,186.06
2024-01-19,EUR,1460.26
2024-01-19,JPY(100),906.57
2024-01-19,USD,1342.4
2024-01-22,AED,363.87
2024-01-22,CNH,185.35
2024-01-22,EUR,1456.25
2024-01-22,JPY(100),901.91
2024-01-22,USD,1336.5
2024-01-23,AED,363.38
2024-01-23,CNH,185.11
2024-01-23,EUR,1452.35
2024-01-23,JPY(100),901.52
2024-01-23,USD,1334.7
2024-01-24,AED,363.74
2024-01-24,CNH,186
2024-01-24,EUR,1450.63
2024-01-24,JPY(100),900.82
2024-01-24,USD,1336
2024-01-25,AED,364.58
2024-01-25,CNH,186.65
2024-01-25,EUR,1457.61
2024-01-25,JPY(100),907.34
2024-01-25,USD,1339.1
2024-01-26,AED,363.66
2024-01-26,CNH,186.45
2024-01-26,EUR,1448.43
2024-01-26,JPY(100),905.04
2024-01-26,USD,1335.7
2024-01-29,AED,363.9
2024-01-29,CNH,186.12
2024-01-29,EUR,1449.34
2024-01-29,JPY(100),902.62
2024-01-29,USD,1336.6
2024-01-30,AED,363.99
2024-01-30,CNH,185.85
2024-01-30,EUR,1448.73
2024-01-30,JPY(100),906.74
2024-01-30,USD,1336.9
2024-01-31,AED,362.28
2024-01-31,CNH,185.15
2024-01-31,EUR,1443.1
2024-01-31,JPY(100),901.89
2024-01-31,USD,1330.6
2024-02-01,AED,363.06
2024-02-01,CNH,185.63
2024-02-01,EUR,1442.11
2024-02-01,JPY(100),908.19
2024-02-01,USD,1333.5
2024-02-02,AED,362.78
2024-02-02,CNH,185.21
2024-02-02,EUR,1449.23
2024-02-02,JPY(100),910.24
2024-02-02,USD,1332.5
2024-02-05,AED,360.77
2024-02-05,CNH,184.48
2024-02-05,EUR,1427.53
2024-02-05,JPY(100),892.23
2024-02-05,USD,1325.1
2024-02-06,AED,363.36
2024-02-06,CNH,185.18
2024-02-06,EUR,1433.76
2024-02-06,JPY(100),897.75
2024-02-06,USD,1334.6
2024-02-07,AED,361.99
2024-02-07,CNH,184.51
2024-02-07,EUR,1430.12
2024-02-07,JPY(100),899.65
2024-02-07,USD,1329.6
2024-02-08,AED,360.82
2024-02-08,CNH,184.13
2024-02-08,EUR,1427.94
2024-02-08,JPY(100),895.2
2024-02-08,USD,1325.3
2024-02-13,AED,361.35
2024-02-13,CNH,184.2
2024-02-13,EUR,1429.66
2024-02-13,JPY(100),888.8
2024-02-13,USD,1327.2
2024-02-14,AED,361.67
2024-02-14,CNH,183.93
2024-02-14,EUR,1422.78
2024-02-14,JPY(100),882.04
2024-02-14,USD,1328.4
2024-02-15,AED,363.98
2024-02-15,CNH,185.09
2024-02-15,EUR,1434.49
2024-02-15,JPY(100),888.48
2024-02-15,USD,1336.9
2024-02-16,AED,362.97
2024-02-16,CNH,184.49
2024-02-16,EUR,1436.59
2024-02-16,JPY(100),889.48
2024-02-16,USD,1333.2
2024-02-19,AED,362.94
2024-02-19,CNH,184.64
2024-02-19,EUR,1436.71
2024-02-19,JPY(100),888.05
2024-02-19,USD,1333
2024-02-20,AED,363.15
2024-02-20,CNH,185.07
2024-02-20,EUR,1437.57
2024-02-20,JPY(100),888.37
2024-02-20,USD,1333.8
2024-02-21,AED,364.26
2024-02-21,CNH,185.63
2024-02-21,EUR,1446
2024-02-21,JPY(100),892.2
2024-02-21,USD,1337.9
2024-02-22,AED,363.46
2024-02-22,CNH,185.65
2024-02-22,EUR,1444.8
2024-02-22,JPY(100),888.08
2024-02-22,USD,1335
2024-02-23,AED,362.37
2024-02-23,CNH,184.99
2024-02-23,EUR,1440.74
2024-02-23,JPY(100),884.53
2024-02-23,USD,1331
2024-02-26,AED,361.91
2024-02-26,CNH,184.52
2024-02-26,EUR,1438.57
2024-02-26,JPY(100),883.11
2024-02-26,USD,1329.3
2024-02-27,AED,362.49
2024-02-27,CNH,184.76
2024-02-27,EUR,1444.7
2024-02-27,JPY(100),883.57
2024-02-27,USD,1331.4
2024-02-28,AED,362.46
2024-02-28,CNH,184.67
2024-02-28,EUR,1443.73
2024-02-28,JPY(100),884.73
2024-02-28,USD,1331.3
2024-02-29,AED,363.2
2024-02-29,CNH,184.86
2024-02-29,EUR,1445.92
2024-02-29,JPY(100),885.76
2024-02-29,USD,1334
2024-03-04,AED,363.22
2024-03-04,CNH,185.12
2024-03-04,EUR,1446.56
2024-03-04,JPY(100),888.66
2024-03-04,USD,1334.1
2024-03-05,AED,362.14
2024-03-05,CNH,184.55
2024-03-05,EUR,1444.22
2024-03-05,JPY(100),884.2
2024-03-05,USD,1330.1
2024-03-06,AED,362.97
2024-03-06,CNH,185.08
2024-03-06,EUR,1447.52
2024-03-06,JPY(100),889.57
2024-03-06,USD,1333.2
2024-03-07,AED,363.65
2024-03-07,CNH,185.32
2024-03-07,EUR,1456.05
2024-03-07,JPY(100),894.61
2024-03-07,USD,1335.7
2024-03-08,AED,362
2024-03-08,CNH,184.5
2024-03-08,EUR,1455.71
2024-03-08,JPY(100),898.89
2024-03-08,USD,1329.6
2024-03-11,AED,360.22
2024-03-11,CNH,183.86
2024-03-11,EUR,1447.34
2024-03-11,JPY(100),900.47
2024-03-11,USD,1323.1
2024-03-12,AED,357.85
2024-03-12,CNH,182.69
2024-03-12,EUR,1436.05
2024-03-12,JPY(100),894.73
2024-03-12,USD,1314.4
2024-03-13,AED,356.97
2024-03-13,CNH,182.63
2024-03-13,EUR,1432.9
2024-03-13,JPY(100),888.55
2024-03-13,USD,1311.1
2024-03-14,AED,357.43
2024-03-14,CNH,182.53
2024-03-14,EUR,1437.45
2024-03-14,JPY(100),889.1
2024-03-14,USD,1312.8
2024-03-15,AED,358.58
2024-03-15,CNH,183.04
2024-03-15,EUR,1433.25
2024-03-15,JPY(100),888.12
2024-03-15,USD,1316.9
2024-03-18,AED,361.7
2024-03-18,CNH,184.32
2024-03-18,EUR,1445.9
2024-03-18,JPY(100),891.51
2024-03-18,USD,1328.4
2024-03-19,AED,362.96
2024-03-19,CNH,185.03
2024-03-19,EUR,1449.24
2024-03-19,JPY(100),894.24
2024-03-19,USD,1333
2024-03-20,AED,364.46
2024-03-20,CNH,185.64
2024-03-20,EUR,1454.15
2024-03-20,JPY(100),886.81
2024-03-20,USD,1338.5
2024-03-21,AED,364.51
2024-03-21,CNH,185.62
2024-03-21,EUR,1463.4
2024-03-21,JPY(100),887.17
2024-03-21,USD,1338.7
2024-03-22,AED,361.14
2024-03-22,CNH,184.04
2024-03-22,EUR,1440.49
2024-03-22,JPY(100),874.49
2024-03-22,USD,1326.3
2024-03-25,AED,363.84
2024-03-25,CNH,184.49
2024-03-25,EUR,1444.06
2024-03-25,JPY(100),883.87
2024-03-25,USD,1336.1
2024-03-26,AED,365.08
2024-03-26,CNH,184.88
2024-03-26,EUR,1453.12
2024-03-26,JPY(100),885.56
2024-03-26,USD,1340.7
2024-03-27,AED,364.53
2024-03-27,CNH,184.86
2024-03-27,EUR,1450.04
2024-03-27,JPY(100),883.24
2024-03-27,USD,1338.6
2024-03-28,AED,366.46
2024-03-28,CNH,185.57
2024-03-28,EUR,1455.01
2024-03-28,JPY(100),889.17
2024-03-28,USD,1345.8
2024-03-29,AED,366.76
2024-03-29,CNH,185.75
2024-03-29,EUR,1452.93
2024-03-29,JPY(100),889.48
2024-03-29,USD,1346.8
2024-04-01,AED,366.9
2024-04-01,CNH,185.63
2024-04-01,EUR,1453.44
2024-04-01,JPY(100),890.11
2024-04-01,USD,1347.4
2024-04-02,AED,366.84
2024-04-02,CNH,185.68
2024-04-02,EUR,1446.25
2024-04-02,JPY(100),888.32
2024-04-02,USD,1347.1
2024-04-03,AED,368.42
2024-04-03,CNH,186.13
2024-04-03,EUR,1456.84
2024-04-03,JPY(100),892.69
2024-04-03,USD,1353
2024-04-04,AED,367.35
2024-04-04,CNH,185.92
2024-04-04,EUR,1462.02
2024-04-04,JPY(100),889.88
2024-04-04,USD,1349.1
2024-04-05,AED,366.73
2024-04-05,CNH,185.88
2024-04-05,EUR,1459.8
2024-04-05,JPY(100),890.53
2024-04-05,USD,1346.8
2024-04-08,AED,368.08
2024-04-08,CNH,186.6
2024-04-08,EUR,1464.4
2024-04-08,JPY(100),891.37
2024-04-08,USD,1351.8
2024-04-09,AED,368.58
2024-04-09,CNH,186.63
2024-04-09,EUR,1470.28
2024-04-09,JPY(100),891.49
2024-04-09,USD,1353.6
2024-04-11,AED,368.81
2024-04-11,CNH,187.01
2024-04-11,EUR,1455.03
2024-04-11,JPY(100),885.55
2024-04-11,USD,1354.4
2024-04-12,AED,371.34
2024-04-12,CNH,188.03
2024-04-12,EUR,1462.98
2024-04-12,JPY(100),890.06
2024-04-12,USD,1363.7
2024-04-15,AED,373.49
2024-04-15,CNH,189.14
2024-04-15,EUR,1460.14
2024-04-15,JPY(100),894.8
2024-04-15,USD,1371.6
2024-04-16,AED,376.77
2024-04-16,CNH,190.58
2024-04-16,EUR,1470.6
2024-04-16,JPY(100),897.43
2024-04-16,USD,1383.7
2024-04-17,AED,379.92
2024-04-17,CNH,191.99
2024-04-17,EUR,1481.88
2024-04-17,JPY(100),901.91
2024-04-17,USD,1395.3
2024-04-18,AED,377.47
2024-04-18,CNH,190.83
2024-04-18,EUR,1479.46
2024-04-18,JPY(100),898.36
2024-04-18,USD,1386.3
2024-04-19,AED,374.63
2024-04-19,CNH,189.71
2024-04-19,EUR,1464.1
2024-04-19,JPY(100),889.77
2024-04-19,USD,1375.9
2024-04-22,AED,377.11
2024-04-22,CNH,191
2024-04-22,EUR,1476.48
2024-04-22,JPY(100),895.89
2024-04-22,USD,1385
2024-04-23,AED,375.91
2024-04-23,CNH,190.53
2024-04-23,EUR,1470.96
2024-04-23,JPY(100),891.89
2024-04-23,USD,1380.6
2024-04-24,AED,375.16
2024-04-24,CNH,189.9
2024-04-24,EUR,1474.84
2024-04-24,JPY(100),890.26
2024-04-24,USD,1377.9
2024-04-25,AED,373
2024-04-25,CNH,188.67
2024-04-25,EUR,1465.56
2024-04-25,JPY(100),882.48
2024-04-25,USD,1370
2024-04-26,AED,374.8
2024-04-26,CNH,189.51
2024-04-26,EUR,1477.09
2024-04-26,JPY(100),884.79
2024-04-26,USD,1376.6
2024-04-29,AED,374.6
2024-04-29,CNH,189.54
2024-04-29,EUR,1472.49
2024-04-29,JPY(100),869.12
2024-04-29,USD,1375.9
2024-04-30,AED,375.36
2024-04-30,CNH,190.05
2024-04-30,EUR,1477.48
2024-04-30,JPY(100),882.68
2024-04-30,USD,1378.7
2024-05-02,AED,375.19
2024-05-02,CNH,189.92
2024-05-02,EUR,1476.46
2024-05-02,JPY(100),886.17
2024-05-02,USD,1378
2024-05-03,AED,375.32
2024-05-03,CNH,190.31
2024-05-03,EUR,1479.06
2024-05-03,JPY(100),899.92
2024-05-03,USD,1378.5
2024-05-07,AED,371.69
2024-05-07,CNH,189.55
2024-05-07,EUR,1469.84
2024-05-07,JPY(100),885.83
2024-05-07,USD,1365.2
2024-05-08,AED,369.68
2024-05-08,CNH,188.13
2024-05-08,EUR,1459.7
2024-05-08,JPY(100),877.44
2024-05-08,USD,1357.8
2024-05-09,AED,371.48
2024-05-09,CNH,188.74
2024-05-09,EUR,1466.53
2024-05-09,JPY(100),877.12
2024-05-09,USD,1364.4
2024-05-10,AED,372.42
2024-05-10,CNH,189.2
2024-05-10,EUR,1475.21
2024-05-10,JPY(100),880.53
2024-05-10,USD,1367.9
2024-05-13,AED,372.42
2024-05-13,CNH,189.27
2024-05-13,EUR,1473.78
2024-05-13,JPY(100),878.01
2024-05-13,USD,1367.9
2024-05-14,AED,373.02
2024-05-14,CNH,189.21
2024-05-14,EUR,1478.27
2024-05-14,JPY(100),876.95
2024-05-14,USD,1370.1
2024-05-16,AED,372.72
2024-05-16,CNH,189.08
2024-05-16,EUR,1490.7
2024-05-16,JPY(100),885.37
2024-05-16,USD,1369
2024-05-17,AED,367.37
2024-05-17,CNH,186.89
2024-05-17,EUR,1466.46
2024-05-17,JPY(100),868.37
2024-05-17,USD,1349.4
2024-05-20,AED,368.96
2024-05-20,CNH,187.54
2024-05-20,EUR,1473.44
2024-05-20,JPY(100),870.25
2024-05-20,USD,1355.2
2024-05-21,AED,369.23
2024-05-21,CNH,187.49
2024-05-21,EUR,1472.97
2024-05-21,JPY(100),867.83
2024-05-21,USD,1356.2
2024-05-22,AED,371.47
2024-05-22,CNH,188.36
2024-05-22,EUR,1481.33
2024-05-22,JPY(100),873.24
2024-05-22,USD,1364.4
2024-05-23,AED,371.11
2024-05-23,CNH,188.01
2024-05-23,EUR,1475.69
2024-05-23,JPY(100),869.63
2024-05-23,USD,1363.1
2024-05-24,AED,371.5
2024-05-24,CNH,187.91
2024-05-24,EUR,1475.43
2024-05-24,JPY(100),869.14
2024-05-24,USD,1364.5
2024-05-27,AED,372.99
2024-05-27,CNH,188.82
2024-05-27,EUR,1486.31
2024-05-27,JPY(100),873.42
2024-05-27,USD,1370
2024-05-28,AED,371.73
2024-05-28,CNH,188.15
2024-05-28,EUR,1482.76
2024-05-28,JPY(100),870.1
2024-05-28,USD,1365.4
2024-05-29,AED,370.13
2024-05-29,CNH,187.21
2024-05-29,EUR,1475.81
2024-05-29,JPY(100),864.71
2024-05-29,USD,1359.5
2024-05-30,AED,371.58
2024-05-30,CNH,187.77
2024-05-30,EUR,1474.05
2024-05-30,JPY(100),865.63
2024-05-30,USD,1364.8
2024-05-31,AED,374.76
2024-05-31,CNH,189.18
2024-05-31,EUR,1491.09
2024-05-31,JPY(100),877.84
2024-05-31,USD,1376.5
2024-06-03,AED,376.15
2024-06-03,CNH,190.48
2024-06-03,EUR,1499.17
2024-06-03,JPY(100),878.41
2024-06-03,USD,1381.6
2024-06-04,AED,375.06
2024-06-04,CNH,189.58
2024-06-04,EUR,1502.75
2024-06-04,JPY(100),882.03
2024-06-04,USD,1377.6
2024-06-05,AED,373.84
2024-06-05,CNH,189.16
2024-06-05,EUR,1494
2024-06-05,JPY(100),886.76
2024-06-05,USD,1373.1
2024-06-07,AED,373.4
2024-06-07,CNH,188.96
2024-06-07,EUR,1493.91
2024-06-07,JPY(100),881.54
2024-06-07,USD,1371.5
2024-06-10,AED,372.15
2024-06-10,CNH,188.51
2024-06-10,EUR,1473.31
2024-06-10,JPY(100),871.55
2024-06-10,USD,1366.9
2024-06-11,AED,375.14
2024-06-11,CNH,189.53
2024-06-11,EUR,1483.24
2024-06-11,JPY(100),877.39
2024-06-11,USD,1377.9
2024-06-12,AED,375.01
2024-06-12,CNH,189.52
2024-06-12,EUR,1479.4
2024-06-12,JPY(100),876.4
2024-06-12,USD,1377.4
2024-06-13,AED,375.11
2024-06-13,CNH,189.43
2024-06-13,EUR,1489.75
2024-06-13,JPY(100),878.56
2024-06-13,USD,1377.8
2024-06-14,AED,373.26
2024-06-14,CNH,189.12
2024-06-14,EUR,1472.45
2024-06-14,JPY(100),872.58
2024-06-14,USD,1371
2024-06-17,AED,375.09
2024-06-17,CNH,189.5
2024-06-17,EUR,1474.76
2024-06-17,JPY(100),874.56
2024-06-17,USD,1377.7
2024-06-18,AED,375.82
2024-06-18,CNH,189.84
2024-06-18,EUR,1482
2024-06-18,JPY(100),875.22
2024-06-18,USD,1380.4
2024-06-19,AED,375.85
2024-06-19,CNH,189.88
2024-06-19,EUR,1482.66
2024-06-19,JPY(100),874.62
2024-06-19,USD,1380.5
2024-06-20,AED,375.93
2024-06-20,CNH,189.84
2024-06-20,EUR,1483.88
2024-06-20,JPY(100),874.01
2024-06-20,USD,1380.8
2024-06-21,AED,376.74
2024-06-21,CNH,190.01
2024-06-21,EUR,1481.15
2024-06-21,JPY(100),870.89
2024-06-21,USD,1383.8
2024-06-24,AED,378.19
2024-06-24,CNH,190.65
2024-06-24,EUR,1485.64
2024-06-24,JPY(100),869.63
2024-06-24,USD,1389.1
2024-06-25,AED,378.36
2024-06-25,CNH,190.71
2024-06-25,EUR,1491.43
2024-06-25,JPY(100),870.38
2024-06-25,USD,1389.7
2024-06-26,AED,377.46
2024-06-26,CNH,190.39
2024-06-26,EUR,1484.97
2024-06-26,JPY(100),868.26
2024-06-26,USD,1386.4
2024-06-27,AED,378.46
2024-06-27,CNH,190.61
2024-06-27,EUR,1484.35
2024-06-27,JPY(100),865
2024-06-27,USD,1390.1
2024-06-28,AED,378.22
2024-06-28,CNH,190.43
2024-06-28,EUR,1487.07
2024-06-28,JPY(100),864.31
2024-06-28,USD,1389.2
2024-07-01,AED,376.37
2024-07-01,CNH,189.35
2024-07-01,EUR,1484.35
2024-07-01,JPY(100),859.57
2024-07-01,USD,1382.4
2024-07-02,AED,375.93
2024-07-02,CNH,189.16
2024-07-02,EUR,1482.56
2024-07-02,JPY(100),855.38
2024-07-02,USD,1380.8
2024-07-03,AED,377.73
2024-07-03,CNH,190.09
2024-07-03,EUR,1491.11
2024-07-03,JPY(100),859.42
2024-07-03,USD,1387.4
2024-07-04,AED,378.27
2024-07-04,CNH,190.13
2024-07-04,EUR,1499.02
2024-07-04,JPY(100),859.59
2024-07-04,USD,1389.4
2024-07-05,AED,376.23
2024-07-05,CNH,189.26
2024-07-05,EUR,1494.04
2024-07-05,JPY(100),856.86
2024-07-05,USD,1381.9
2024-07-08,AED,375.44
2024-07-08,CNH,189.18
2024-07-08,EUR,1492.77
2024-07-08,JPY(100),858.07
2024-07-08,USD,1379
2024-07-09,AED,375.55
2024-07-09,CNH,189.13
2024-07-09,EUR,1493.68
2024-07-09,JPY(100),858.13
2024-07-09,USD,1379.4
2024-07-10,AED,376.64
2024-07-10,CNH,189.89
2024-07-10,EUR,1496.22
2024-07-10,JPY(100),857.36
2024-07-10,USD,1383.4
2024-07-11,AED,377.24
2024-07-11,CNH,190.07
2024-07-11,EUR,1501.02
2024-07-11,JPY(100),857.53
2024-07-11,USD,1385.6
2024-07-12,AED,375.74
2024-07-12,CNH,189.22
2024-07-12,EUR,1499.75
2024-07-12,JPY(100),865.95
2024-07-12,USD,1380.1
2024-07-15,AED,374.71
2024-07-15,CNH,189.27
2024-07-15,EUR,1498.31
2024-07-15,JPY(100),869.34
2024-07-15,USD,1376.3
2024-07-16,AED,376.23
2024-07-16,CNH,189.97
2024-07-16,EUR,1505.86
2024-07-16,JPY(100),874.09
2024-07-16,USD,1381.9
2024-07-17,AED,377.35
2024-07-17,CNH,190.41
2024-07-17,EUR,1510.95
2024-07-17,JPY(100),875.47
2024-07-17,USD,1386
2024-07-18,AED,376.12
2024-07-18,CNH,189.6
2024-07-18,EUR,1511.5
2024-07-18,JPY(100),886.17
2024-07-18,USD,1381.5
2024-07-19,AED,375.69
2024-07-19,CNH,189.86
2024-07-19,EUR,1504.09
2024-07-19,JPY(100),877.44
2024-07-19,USD,1379.9
2024-07-22,AED,377.51
2024-07-22,CNH,190.48
2024-07-22,EUR,1511.26
2024-07-22,JPY(100),881.81
2024-07-22,USD,1386.6
2024-07-23,AED,378.06
2024-07-23,CNH,190.5
2024-07-23,EUR,1512.25
2024-07-23,JPY(100),884.09
2024-07-23,USD,1388.6
2024-07-24,AED,377.1
2024-07-24,CNH,189.86
2024-07-24,EUR,1502.83
2024-07-24,JPY(100),889.45
2024-07-24,USD,1385.1
2024-07-25,AED,377.1
2024-07-25,CNH,190.06
2024-07-25,EUR,1501.45
2024-07-25,JPY(100),901.32
2024-07-25,USD,1385.1
2024-07-26,AED,377.18
2024-07-26,CNH,190.85
2024-07-26,EUR,1502.95
2024-07-26,JPY(100),901.92
2024-07-26,USD,1385.4
2024-07-29,AED,377.18
2024-07-29,CNH,191.1
2024-07-29,EUR,1503.78
2024-07-29,JPY(100),899.11
2024-07-29,USD,1385.4
2024-07-30,AED,376.25
2024-07-30,CNH,190.17
2024-07-30,EUR,1495.39
2024-07-30,JPY(100),898.45
2024-07-30,USD,1382
2024-07-31,AED,376.97
2024-07-31,CNH,190.39
2024-07-31,EUR,1497.51
2024-07-31,JPY(100),905.44
2024-07-31,USD,1384.6
2024-08-01,AED,375.75
2024-08-01,CNH,190.51
2024-08-01,EUR,1493.75
2024-08-01,JPY(100),918.66
2024-08-01,USD,1380.1
2024-08-02,AED,371.88
2024-08-02,CNH,188.51
2024-08-02,EUR,1473.74
2024-08-02,JPY(100),915.7
2024-08-02,USD,1365.9
2024-08-05,AED,373.75
2024-08-05,CNH,189.78
2024-08-05,EUR,1497.38
2024-08-05,JPY(100),938.67
2024-08-05,USD,1372.8
2024-08-06,AED,370.43
2024-08-06,CNH,190.72
2024-08-06,EUR,1490.67
2024-08-06,JPY(100),937.18
2024-08-06,USD,1360.6
2024-08-07,AED,373.6
2024-08-07,CNH,192.03
2024-08-07,EUR,1499.61
2024-08-07,JPY(100),949.49
2024-08-07,USD,1372.2
2024-08-08,AED,374.73
2024-08-08,CNH,191.57
2024-08-08,EUR,1504.34
2024-08-08,JPY(100),940.13
2024-08-08,USD,1376.4
2024-08-09,AED,375.08
2024-08-09,CNH,191.95
2024-08-09,EUR,1504.24
2024-08-09,JPY(100),934.32
2024-08-09,USD,1377.7
2024-08-12,AED,372.83
2024-08-12,CNH,191.2
2024-08-12,EUR,1494.63
2024-08-12,JPY(100),931.09
2024-08-12,USD,1369.4
2024-08-13,AED,372.37
2024-08-13,CNH,190.39
2024-08-13,EUR,1495.24
2024-08-13,JPY(100),929.08
2024-08-13,USD,1367.7
2024-08-14,AED,373.07
2024-08-14,CNH,190.8
2024-08-14,EUR,1506.99
2024-08-14,JPY(100),933.38
2024-08-14,USD,1370.3
2024-08-16,AED,370.65
2024-08-16,CNH,190.32
2024-08-16,EUR,1493.8
2024-08-16,JPY(100),912.44
2024-08-16,USD,1361.4
2024-08-19,AED,370.3
2024-08-19,CNH,189.42
2024-08-19,EUR,1499.44
2024-08-19,JPY(100),919.89
2024-08-19,USD,1360.1
2024-08-20,AED,364.23
2024-08-20,CNH,187.01
2024-08-20,EUR,1483.02
2024-08-20,JPY(100),911.84
2024-08-20,USD,1337.8
2024-08-21,AED,362.65
2024-08-21,CNH,186.57
2024-08-21,EUR,1482.25
2024-08-21,JPY(100),917.07
2024-08-21,USD,1332
2024-08-22,AED,362.76
2024-08-22,CNH,186.91
2024-08-22,EUR,1486.49
2024-08-22,JPY(100),919.63
2024-08-22,USD,1332.4
2024-08-23,AED,363.72
2024-08-23,CNH,187.6
2024-08-23,EUR,1484.99
2024-08-23,JPY(100),914.34
2024-08-23,USD,1335.9
2024-08-26,AED,364.85
2024-08-26,CNH,187.6
2024-08-26,EUR,1499.91
2024-08-26,JPY(100),933.05
2024-08-26,USD,1340.1
2024-08-27,AED,360.44
2024-08-27,CNH,186
2024-08-27,EUR,1478.27
2024-08-27,JPY(100),917.75
2024-08-27,USD,1323.9
2024-08-28,AED,362.22
2024-08-28,CNH,186.73
2024-08-28,EUR,1487.85
2024-08-28,JPY(100),925.21
2024-08-28,USD,1330.4
2024-08-29,AED,363.39
2024-08-29,CNH,187.39
2024-08-29,EUR,1484.79
2024-08-29,JPY(100),925.17
2024-08-29,USD,1334.7
2024-08-30,AED,363.56
2024-08-30,CNH,187.56
2024-08-30,EUR,1479.58
2024-08-30,JPY(100),921.75
2024-08-30,USD,1335.3
2024-09-02,AED,363.41
2024-09-02,CNH,188.35
2024-09-02,EUR,1474.35
2024-09-02,JPY(100),910.69
2024-09-02,USD,1334.8
2024-09-03,AED,364.5
2024-09-03,CNH,188.54
2024-09-03,EUR,1481.45
2024-09-03,JPY(100),911.12
2024-09-03,USD,1338.8
2024-09-04,AED,365.11
2024-09-04,CNH,188.31
2024-09-04,EUR,1481.27
2024-09-04,JPY(100),923.43
2024-09-04,USD,1341
2024-09-05,AED,365.37
2024-09-05,CNH,188.78
2024-09-05,EUR,1487.41
2024-09-05,JPY(100),934.22
2024-09-05,USD,1342
2024-09-06,AED,363.69
2024-09-06,CNH,188.05
2024-09-06,EUR,1484.14
2024-09-06,JPY(100),931.81
2024-09-06,USD,1335.8
2024-09-09,AED,362.21
2024-09-09,CNH,187.74
2024-09-09,EUR,1475.21
2024-09-09,JPY(100),935.29
2024-09-09,USD,1330.4
2024-09-10,AED,364.69
2024-09-10,CNH,188.51
2024-09-10,EUR,1478.47
2024-09-10,JPY(100),935.83
2024-09-10,USD,1339.5
2024-09-11,AED,366
2024-09-11,CNH,188.69
2024-09-11,EUR,1481.49
2024-09-11,JPY(100),943.87
2024-09-11,USD,1344.3
2024-09-12,AED,364.91
2024-09-12,CNH,188.25
2024-09-12,EUR,1476.01
2024-09-12,JPY(100),940.59
2024-09-12,USD,1340.3
2024-09-13,AED,364.72
2024-09-13,CNH,187.96
2024-09-13,EUR,1483.54
2024-09-13,JPY(100),945.74
2024-09-13,USD,1339.6
2024-09-19,AED,362.38
2024-09-19,CNH,187.16
2024-09-19,EUR,1479.61
2024-09-19,JPY(100),934.46
2024-09-19,USD,1331
2024-09-20,AED,362.6
2024-09-20,CNH,188.1
2024-09-20,EUR,1486.22
2024-09-20,JPY(100),932.93
2024-09-20,USD,1331.8
2024-09-23,AED,362.07
2024-09-23,CNH,188.57
2024-09-23,EUR,1484.23
2024-09-23,JPY(100),923.93
2024-09-23,USD,1329.9
2024-09-24,AED,363.59
2024-09-24,CNH,189.6
2024-09-24,EUR,1483.81
2024-09-24,JPY(100),930.24
2024-09-24,USD,1335.5
2024-09-25,AED,363.28
2024-09-25,CNH,189.32
2024-09-25,EUR,1492.75
2024-09-25,JPY(100),932.52
2024-09-25,USD,1334.3
2024-09-26,AED,361.67
2024-09-26,CNH,189.48
2024-09-26,EUR,1478.71
2024-09-26,JPY(100),918.01
2024-09-26,USD,1328.4
2024-09-27,AED,362.03
2024-09-27,CNH,189.42
2024-09-27,EUR,1486.01
2024-09-27,JPY(100),917.29
2024-09-27,USD,1329.7
2024-09-30,AED,359.27
2024-09-30,CNH,188.74
2024-09-30,EUR,1474.06
2024-09-30,JPY(100),924.51
2024-09-30,USD,1319.6
2024-10-02,AED,355.81
2024-10-02,CNH,186.86
2024-10-02,EUR,1446.15
2024-10-02,JPY(100),910.26
2024-10-02,USD,1306.9
2024-10-04,AED,359.41
2024-10-04,CNH,188.16
2024-10-04,EUR,1456.53
2024-10-04,JPY(100),899.47
2024-10-04,USD,1320.1
2024-10-07,AED,363
2024-10-07,CNH,188.93
2024-10-07,EUR,1462.7
2024-10-07,JPY(100),894.65
2024-10-07,USD,1333.3
2024-10-08,AED,366.59
2024-10-08,CNH,190.05
2024-10-08,EUR,1478.12
2024-10-08,JPY(100),910.26
2024-10-08,USD,1346.5
2024-10-10,AED,366.95
2024-10-10,CNH,190.91
2024-10-10,EUR,1474.56
2024-10-10,JPY(100),903.08
2024-10-10,USD,1347.8
2024-10-11,AED,367.38
2024-10-11,CNH,190.78
2024-10-11,EUR,1475.5
2024-10-11,JPY(100),907.74
2024-10-11,USD,1349.4
2024-10-14,AED,367.17
2024-10-14,CNH,190.3
2024-10-14,EUR,1473.75
2024-10-14,JPY(100),903.31
2024-10-14,USD,1348.6
2024-10-15,AED,368.87
2024-10-15,CNH,191.51
2024-10-15,EUR,1477.99
2024-10-15,JPY(100),904.62
2024-10-15,USD,1354.9
2024-10-16,AED,370.37
2024-10-16,CNH,191.34
2024-10-16,EUR,1481.14
2024-10-16,JPY(100),911.22
2024-10-16,USD,1360.4
2024-10-17,AED,371.28
2024-10-17,CNH,191.22
2024-10-17,EUR,1480.64
2024-10-17,JPY(100),911.29
2024-10-17,USD,1363.7
2024-10-18,AED,372.03
2024-10-18,CNH,191.64
2024-10-18,EUR,1479.71
2024-10-18,JPY(100),909.64
2024-10-18,USD,1366.5
2024-10-21,AED,373.29
2024-10-21,CNH,192.32
2024-10-21,EUR,1490.18
2024-10-21,JPY(100),916.91
2024-10-21,USD,1371.1
2024-10-22,AED,373.09
2024-10-22,CNH,192.51
2024-10-22,EUR,1482.16
2024-10-22,JPY(100),909.08
2024-10-22,USD,1370.4
2024-10-23,AED,375.74
2024-10-23,CNH,193.46
2024-10-23,EUR,1490.3
2024-10-23,JPY(100),913.55
2024-10-23,USD,1380.1
2024-10-24,AED,376.25
2024-10-24,CNH,193.54
2024-10-24,EUR,1490
2024-10-24,JPY(100),904.86
2024-10-24,USD,1382
2024-10-25,AED,375.86
2024-10-25,CNH,193.66
2024-10-25,EUR,1494.18
2024-10-25,JPY(100),910.26
2024-10-25,USD,1380.5
2024-10-28,AED,376.9
2024-10-28,CNH,194.43
2024-10-28,EUR,1494.94
2024-10-28,JPY(100),905.75
2024-10-28,USD,1384.4
2024-10-29,AED,377.62
2024-10-29,CNH,194.17
2024-10-29,EUR,1499.76
2024-10-29,JPY(100),904.67
2024-10-29,USD,1387
2024-10-30,AED,376.55
2024-10-30,CNH,193.29
2024-10-30,EUR,1496.58
2024-10-30,JPY(100),902.6
2024-10-30,USD,1383.1
2024-10-31,AED,376.61
2024-10-31,CNH,193.56
2024-10-31,EUR,1502.19
2024-10-31,JPY(100),902.2
2024-10-31,USD,1383.3
2024-11-01,AED,375.52
2024-11-01,CNH,193.44
2024-11-01,EUR,1501.44
2024-11-01,JPY(100),908.24
2024-11-01,USD,1379.3
2024-11-04,AED,375.14
2024-11-04,CNH,193.36
2024-11-04,EUR,1498.95
2024-11-04,JPY(100),904.19
2024-11-04,USD,1377.9
2024-11-05,AED,373.35
2024-11-05,CNH,193.06
2024-11-05,EUR,1491.77
2024-11-05,JPY(100),901.31
2024-11-05,USD,1371.3
2024-11-06,AED,375.11
2024-11-06,CNH,193.95
2024-11-06,EUR,1505.11
2024-11-06,JPY(100),907.76
2024-11-06,USD,1377.8
2024-11-07,AED,378.85
2024-11-07,CNH,194.35
2024-11-07,EUR,1493.43
2024-11-07,JPY(100),901.29
2024-11-07,USD,1391.5
2024-11-08,AED,380.91
2024-11-08,CNH,194.32
2024-11-08,EUR,1510.89
2024-11-08,JPY(100),914.21
2024-11-08,USD,1399.1
2024-11-11,AED,377.18
2024-11-11,CNH,193.45
2024-11-11,EUR,1483.97
2024-11-11,JPY(100),906.17
2024-11-11,USD,1385.4
2024-11-12,AED,379.88
2024-11-12,CNH,193.98
2024-11-12,EUR,1486.9
2024-11-12,JPY(100),907.6
2024-11-12,USD,1395.3
2024-11-13,AED,381.46
2024-11-13,CNH,193.37
2024-11-13,EUR,1487.9
2024-11-13,JPY(100),906.6
2024-11-13,USD,1401.1
2024-11-14,AED,383.14
2024-11-14,CNH,194.42
2024-11-14,EUR,1486.53
2024-11-14,JPY(100),905.6
2024-11-14,USD,1407.3
2024-11-15,AED,382.9
2024-11-15,CNH,193.91
2024-11-15,EUR,1481.08
2024-11-15,JPY(100),899.61
2024-11-15,USD,1406.4
2024-11-18,AED,381.92
2024-11-18,CNH,193.47
2024-11-18,EUR,1477.99
2024-11-18,JPY(100),906.93
2024-11-18,USD,1402.8
2024-11-19,AED,379.15
2024-11-19,CNH,192.35
2024-11-19,EUR,1475.39
2024-11-19,JPY(100),901.39
2024-11-19,USD,1392.6
2024-11-20,AED,378.98
2024-11-20,CNH,192.41
2024-11-20,EUR,1475.1
2024-11-20,JPY(100),900.56
2024-11-20,USD,1392
2024-11-21,AED,378.87
2024-11-21,CNH,192.28
2024-11-21,EUR,1467.37
2024-11-21,JPY(100),895.87
2024-11-21,USD,1391.6
2024-11-22,AED,380.64
2024-11-22,CNH,192.85
2024-11-22,EUR,1464.51
2024-11-22,JPY(100),906
2024-11-22,USD,1398.1
2024-11-25,AED,381.3
2024-11-25,CNH,192.98
2024-11-25,EUR,1467.23
2024-11-25,JPY(100),907.62
2024-11-25,USD,1400.5
2024-11-26,AED,380.68
2024-11-26,CNH,192.77
2024-11-26,EUR,1467.83
2024-11-26,JPY(100),908.13
2024-11-26,USD,1398.2
2024-11-27,AED,381.49
2024-11-27,CNH,193.16
2024-11-27,EUR,1469.93
2024-11-27,JPY(100),915.01
2024-11-27,USD,1401.2
2024-11-28,AED,380.29
2024-11-28,CNH,192.36
2024-11-28,EUR,1476.21
2024-11-28,JPY(100),925.31
2024-11-28,USD,1396.8
2024-11-29,AED,379.72
2024-11-29,CNH,192.42
2024-11-29,EUR,1472.04
2024-11-29,JPY(100),920.87
2024-11-29,USD,1394.7
2024-12-02,AED,379.83
2024-12-02,CNH,192.81
2024-12-02,EUR,1471.9
2024-12-02,JPY(100),931.46
2024-12-02,USD,1395.1
2024-12-03,AED,381.7
2024-12-03,CNH,192.84
2024-12-03,EUR,1471.96
2024-12-03,JPY(100),937.51
2024-12-03,USD,1402
2024-12-04,AED,382.08
2024-12-04,CNH,192.17
2024-12-04,EUR,1474.48
2024-12-04,JPY(100),937.69
2024-12-04,USD,1403.4
2024-12-05,AED,384.69
2024-12-05,CNH,193.82
2024-12-05,EUR,1485.13
2024-12-05,JPY(100),938.15
2024-12-05,USD,1413
2024-12-06,AED,385.22
2024-12-06,CNH,194.41
2024-12-06,EUR,1497.6
2024-12-06,JPY(100),942.48
2024-12-06,USD,1414.9
2024-12-09,AED,386.44
2024-12-09,CNH,195.28
2024-12-09,EUR,1499.95
2024-12-09,JPY(100),947.06
2024-12-09,USD,1419.4
2024-12-10,AED,390.2
2024-12-10,CNH,196.88
2024-12-10,EUR,1512.67
2024-12-10,JPY(100),947.35
2024-12-10,USD,1433.2
2024-12-11,AED,388.81
2024-12-11,CNH,196.8
2024-12-11,EUR,1503.79
2024-12-11,JPY(100),940.07
2024-12-11,USD,1428.1
2024-12-12,AED,389.71
2024-12-12,CNH,197.43
2024-12-12,EUR,1502.68
2024-12-12,JPY(100),939.12
2024-12-12,USD,1431.4
2024-12-13,AED,389.74
2024-12-13,CNH,197.17
2024-12-13,EUR,1498.71
2024-12-13,JPY(100),938.04
2024-12-13,USD,1431.5
2024-12-16,AED,390.06
2024-12-16,CNH,196.79
2024-12-16,EUR,1505.12
2024-12-16,JPY(100),933.2
2024-12-16,USD,1432.7
2024-12-17,AED,390.66
2024-12-17,CNH,197.18
2024-12-17,EUR,1508.15
2024-12-17,JPY(100),930.51
2024-12-17,USD,1434.9
2024-12-18,AED,391.12
2024-12-18,CNH,196.98
2024-12-18,EUR,1507.35
2024-12-18,JPY(100),935.74
2024-12-18,USD,1436.6
2024-12-19,AED,391.18
2024-12-19,CNH,197.18
2024-12-19,EUR,1488.31
2024-12-19,JPY(100),928.92
2024-12-19,USD,1436.8
2024-12-20,AED,394.69
2024-12-20,CNH,198.2
2024-12-20,EUR,1502.25
2024-12-20,JPY(100),920.21
2024-12-20,USD,1449.7
2024-12-23,AED,394.85
2024-12-23,CNH,198.45
2024-12-23,EUR,1514.19
2024-12-23,JPY(100),926.86
2024-12-23,USD,1450.3
2024-12-24,AED,394.58
2024-12-24,CNH,198.51
2024-12-24,EUR,1508.07
2024-12-24,JPY(100),922.45
2024-12-24,USD,1449.3
2024-12-26,AED,395.75
2024-12-26,CNH,198.81
2024-12-26,EUR,1511.53
2024-12-26,JPY(100),924.56
2024-12-26,USD,1453.6
2024-12-27,AED,398.27
2024-12-27,CNH,200.19
2024-12-27,EUR,1524.85
2024-12-27,JPY(100),927
2024-12-27,USD,1462.9
2024-12-30,AED,401.33
2024-12-30,CNH,202.38
2024-12-30,EUR,1537.85
2024-12-30,JPY(100),934.31
2024-12-30,USD,1474.1
2024-12-31,AED,400.22
2024-12-31,CNH,201.27
2024-12-31,EUR,1528.73
2024-12-31,JPY(100),936.48
2024-12-31,USD,1470
2025-01-02,AED,400.22
2025-01-02,CNH,201.27
2025-01-02,EUR,1521.96
2025-01-02,JPY(100),934.67
2025-01-02,USD,1470
2025-01-03,AED,399.75
2025-01-03,CNH,200.57
2025-01-03,EUR,1507.43
2025-01-03,JPY(100),932.19
2025-01-03,USD,1468.3
2025-01-06,AED,399.35
2025-01-06,CNH,200.09
2025-01-06,EUR,1511.39
2025-01-06,JPY(100),931.6
2025-01-06,USD,1466.8
2025-01-07,AED,400.44
2025-01-07,CNH,199.85
2025-01-07,EUR,1527.79
2025-01-07,JPY(100),932.48
2025-01-07,USD,1470.8
2025-01-08,AED,396.24
2025-01-08,CNH,198.25
2025-01-08,EUR,1505.1
2025-01-08,JPY(100),920
2025-01-08,USD,1455.4
2025-01-09,AED,395.64
2025-01-09,CNH,197.89
2025-01-09,EUR,1499.41
2025-01-09,JPY(100),917.51
2025-01-09,USD,1453.2
2025-01-10,AED,397.01
2025-01-10,CNH,198.33
2025-01-10,EUR,1502.02
2025-01-10,JPY(100),922.42
2025-01-10,USD,1458.2
2025-01-13,AED,397.69
2025-01-13,CNH,198.7
2025-01-13,EUR,1495.83
2025-01-13,JPY(100),925.69
2025-01-13,USD,1460.7
2025-01-14,AED,400.57
2025-01-14,CNH,200.01
2025-01-14,EUR,1508.89
2025-01-14,JPY(100),934.81
2025-01-14,USD,1471.3
2025-01-15,AED,398.4
2025-01-15,CNH,199.14
2025-01-15,EUR,1508.08
2025-01-15,JPY(100),926.43
2025-01-15,USD,1463.3
2025-01-16,AED,397.55
2025-01-16,CNH,198.74
2025-01-16,EUR,1502.84
2025-01-16,JPY(100),933.69
2025-01-16,USD,1460.2
2025-01-17,AED,396.05
2025-01-17,CNH,198.26
2025-01-17,EUR,1498.7
2025-01-17,JPY(100),937.25
2025-01-17,USD,1454.7
2025-01-20,AED,396.35
2025-01-20,CNH,198.29
2025-01-20,EUR,1495.62
2025-01-20,JPY(100),931.26
2025-01-20,USD,1455.8
2025-01-21,AED,395.59
2025-01-21,CNH,198.01
2025-01-21,EUR,1514.46
2025-01-21,JPY(100),934.59
2025-01-21,USD,1453
2025-01-22,AED,391.48
2025-01-22,CNH,197.56
2025-01-22,EUR,1496.21
2025-01-22,JPY(100),923.18
2025-01-22,USD,1437.9
2025-01-23,AED,390.51
2025-01-23,CNH,197.14
2025-01-23,EUR,1492.75
2025-01-23,JPY(100),916.84
2025-01-23,USD,1434.3
2025-01-24,AED,391.3
2025-01-24,CNH,197.39
2025-01-24,EUR,1496.74
2025-01-24,JPY(100),921.01
2025-01-24,USD,1437.1
2025-01-31,AED,390.24
2025-01-31,CNH,197.26
2025-01-31,EUR,1488.84
2025-01-31,JPY(100),927.88
2025-01-31,USD,1433.3
2025-02-03,AED,395.59
2025-02-03,CNH,199.38
2025-02-03,EUR,1491.5
2025-02-03,JPY(100),935.91
2025-02-03,USD,1453
2025-02-04,AED,400
2025-02-04,CNH,199.91
2025-02-04,EUR,1520.25
2025-02-04,JPY(100),947.96
2025-02-04,USD,1469.2
2025-02-05,AED,397.71
2025-02-05,CNH,199.73
2025-02-05,EUR,1515.8
2025-02-05,JPY(100),946.08
2025-02-05,USD,1460.8
2025-02-06,AED,394.77
2025-02-06,CNH,198.79
2025-02-06,EUR,1508
2025-02-06,JPY(100),950.48
2025-02-06,USD,1450
2025-02-07,AED,393.98
2025-02-07,CNH,198.79
2025-02-07,EUR,1502.81
2025-02-07,JPY(100),956.48
2025-02-07,USD,1447.1
2025-02-10,AED,394.07
2025-02-10,CNH,198.55
2025-02-10,EUR,1491.55
2025-02-10,JPY(100),954.4
2025-02-10,USD,1447.4
2025-02-11,AED,395.7
2025-02-11,CNH,198.78
2025-02-11,EUR,1497.73
2025-02-11,JPY(100),956.47
2025-02-11,USD,1453.4
2025-02-12,AED,395.72
2025-02-12,CNH,198.86
2025-02-12,EUR,1506.26
2025-02-12,JPY(100),952.8
2025-02-12,USD,1453.5
2025-02-13,AED,395.48
2025-02-13,CNH,198.56
2025-02-13,EUR,1508.74
2025-02-13,JPY(100),941.44
2025-02-13,USD,1452.6
2025-02-14,AED,394.91
2025-02-14,CNH,198.76
2025-02-14,EUR,1517.8
2025-02-14,JPY(100),948.47
2025-02-14,USD,1450.5
2025-02-17,AED,392.94
2025-02-17,CNH,198.15
2025-02-17,EUR,1514.02
2025-02-17,JPY(100),947.79
2025-02-17,USD,1443.3
2025-02-18,AED,392.35
2025-02-18,CNH,198.72
2025-02-18,EUR,1510.63
2025-02-18,JPY(100),950.97
2025-02-18,USD,1441.1
2025-02-19,AED,393.11
2025-02-19,CNH,198.44
2025-02-19,EUR,1508.3
2025-02-19,JPY(100),949.68
2025-02-19,USD,1443.9
2025-02-20,AED,392.21
2025-02-20,CNH,197.86
2025-02-20,EUR,1501.61
2025-02-20,JPY(100),952.12
2025-02-20,USD,1440.6
2025-02-21,AED,391.88
2025-02-21,CNH,197.81
2025-02-21,EUR,1511.95
2025-02-21,JPY(100),962.91
2025-02-21,USD,1439.4
2025-02-24,AED,390.44
2025-02-24,CNH,197.9
2025-02-24,EUR,1502.79
2025-02-24,JPY(100),961.26
2025-02-24,USD,1434.1
2025-02-25,AED,389.12
2025-02-25,CNH,197.52
2025-02-25,EUR,1495.51
2025-02-25,JPY(100),953.59
2025-02-25,USD,1429.2
2025-02-26,AED,389.53
2025-02-26,CNH,197.21
2025-02-26,EUR,1504.74
2025-02-26,JPY(100),959.69
2025-02-26,USD,1430.7
2025-02-27,AED,389.85
2025-02-27,CNH,197.34
2025-02-27,EUR,1501.74
2025-02-27,JPY(100),961.49
2025-02-27,USD,1431.8
2025-02-28,AED,391.97
2025-02-28,CNH,197.58
2025-02-28,EUR,1496.97
2025-02-28,JPY(100),961.82
2025-02-28,USD,1439.6
2025-03-04,AED,397.18
2025-03-04,CNH,199.72
2025-03-04,EUR,1529.37
2025-03-04,JPY(100),976.37
2025-03-04,USD,1458.7
2025-03-05,AED,397.41
2025-03-05,CNH,200.34
2025-03-05,EUR,1552.14
2025-03-05,JPY(100),973.42
2025-03-05,USD,1459.6
2025-03-06,AED,396.44
2025-03-06,CNH,200.34
2025-03-06,EUR,1571.24
2025-03-06,JPY(100),978.26
2025-03-06,USD,1456
2025-03-07,AED,392.51
2025-03-07,CNH,198.84
2025-03-07,EUR,1555.92
2025-03-07,JPY(100),974.28
2025-03-07,USD,1441.6
2025-03-10,AED,393.81
2025-03-10,CNH,199.55
2025-03-10,EUR,1569.52
2025-03-10,JPY(100),980.54
2025-03-10,USD,1446.3
2025-03-11,AED,395.2
2025-03-11,CNH,200.13
2025-03-11,EUR,1573.57
2025-03-11,JPY(100),988.29
2025-03-11,USD,1451.5
2025-03-12,AED,396.95
2025-03-12,CNH,201.01
2025-03-12,EUR,1591.44
2025-03-12,JPY(100),986
2025-03-12,USD,1457.9
2025-03-13,AED,395.34
2025-03-13,CNH,200.72
2025-03-13,EUR,1581.01
2025-03-13,JPY(100),979.86
2025-03-13,USD,1452
2025-03-14,AED,395.31
2025-03-14,CNH,200.34
2025-03-14,EUR,1575.6
2025-03-14,JPY(100),981.64
2025-03-14,USD,1451.9
2025-03-17,AED,396.11
2025-03-17,CNH,200.78
2025-03-17,EUR,1583.26
2025-03-17,JPY(100),979.33
2025-03-17,USD,1454.8
2025-03-18,AED,394.25
2025-03-18,CNH,200.11
2025-03-18,EUR,1581.14
2025-03-18,JPY(100),969.37
2025-03-18,USD,1448
2025-03-19,AED,394
2025-03-19,CNH,199.98
2025-03-19,EUR,1583.42
2025-03-19,JPY(100),968.74
2025-03-19,USD,1447.1
2025-03-20,AED,395.39
2025-03-20,CNH,200.67
2025-03-20,EUR,1584.1
2025-03-20,JPY(100),976.7
2025-03-20,USD,1452.3
2025-03-21,AED,397.27
2025-03-21,CNH,201.7
2025-03-21,EUR,1584.33
2025-03-21,JPY(100),981.14
2025-03-21,USD,1459.2
2025-03-24,AED,399.37
2025-03-24,CNH,202.41
2025-03-24,EUR,1587.33
2025-03-24,JPY(100),980.65
2025-03-24,USD,1466.9
2025-03-25,AED,399.37
2025-03-25,CNH,202.04
2025-03-25,EUR,1584.62
2025-03-25,JPY(100),973.36
2025-03-25,USD,1466.9
2025-03-26,AED,400.1
2025-03-26,CNH,202.24
2025-03-26,EUR,1585.33
2025-03-26,JPY(100),980.09
2025-03-26,USD,1469.6
2025-03-27,AED,398.93
2025-03-27,CNH,201.49
2025-03-27,EUR,1573.15
2025-03-27,JPY(100),974.37
2025-03-27,USD,1465.3
2025-03-28,AED,399.34
2025-03-28,CNH,201.63
2025-03-28,EUR,1583.78
2025-03-28,JPY(100),971.26
2025-03-28,USD,1466.8
2025-03-31,AED,399.26
2025-03-31,CNH,201.68
2025-03-31,EUR,1587.85
2025-03-31,JPY(100),981.76
2025-03-31,USD,1466.5
2025-04-01,AED,400.38
2025-04-01,CNH,202.68
2025-04-01,EUR,1590.9
2025-04-01,JPY(100),980.11
2025-04-01,USD,1470.6
2025-04-02,AED,400.69
2025-04-02,CNH,202.08
2025-04-02,EUR,1589.14
2025-04-02,JPY(100),982.48
2025-04-02,USD,1471.7
2025-04-03,AED,399.61
2025-04-03,CNH,201.43
2025-04-03,EUR,1592.05
2025-04-03,JPY(100),989.95
2025-04-03,USD,1467.8
2025-04-04,AED,399.4
2025-04-04,CNH,200.7
2025-04-04,EUR,1620.89
2025-04-04,JPY(100),1006
2025-04-04,USD,1467
2025-04-07,AED,391.85
2025-04-07,CNH,198.42
2025-04-07,EUR,1582.15
2025-04-07,JPY(100),992.45
2025-04-07,USD,1439.3
2025-04-08,AED,399.1
2025-04-08,CNH,200
2025-04-08,EUR,1600.1
2025-04-08,JPY(100),990.91
2025-04-08,USD,1465.9
2025-04-09,AED,400.27
2025-04-09,CNH,200.18
2025-04-09,EUR,1613.1
2025-04-09,JPY(100),1008.61
2025-04-09,USD,1470.2
2025-04-10,AED,403.72
2025-04-10,CNH,200.82
2025-04-10,EUR,1624.22
2025-04-10,JPY(100),1004.81
2025-04-10,USD,1482.9
2025-04-11,AED,397.08
2025-04-11,CNH,198.19
2025-04-11,EUR,1635.56
2025-04-11,JPY(100),1012.07
2025-04-11,USD,1458.5
2025-04-14,AED,394.99
2025-04-14,CNH,198.29
2025-04-14,EUR,1644.41
2025-04-14,JPY(100),1009.74
2025-04-14,USD,1450.8
2025-04-15,AED,388.61
2025-04-15,CNH,195.44
2025-04-15,EUR,1619.31
2025-04-15,JPY(100),996.41
2025-04-15,USD,1427.4
2025-04-16,AED,387.5
2025-04-16,CNH,194.4
2025-04-16,EUR,1606.48
2025-04-16,JPY(100),993.89
2025-04-16,USD,1423.3
2025-04-17,AED,388.61
2025-04-17,CNH,194.77
2025-04-17,EUR,1626.88
2025-04-17,JPY(100),1006.42
2025-04-17,USD,1427.4
2025-04-18,AED,386.57
2025-04-18,CNH,194.33
2025-04-18,EUR,1614.78
2025-04-18,JPY(100),997.26
2025-04-18,USD,1419.9
2025-04-21,AED,387.05
2025-04-21,CNH,194.77
2025-04-21,EUR,1626.12
2025-04-21,JPY(100),1003.53
2025-04-21,USD,1421.5
2025-04-22,AED,386.3
2025-04-22,CNH,194.46
2025-04-22,EUR,1634.43
2025-04-22,JPY(100),1007.99
2025-04-22,USD,1418.9
2025-04-23,AED,387.31
2025-04-23,CNH,194.92
2025-04-23,EUR,1615.15
2025-04-23,JPY(100),996.99
2025-04-23,USD,1422.6
2025-04-24,AED,388.39
2025-04-24,CNH,195.64
2025-04-24,EUR,1616.98
2025-04-24,JPY(100),997.03
2025-04-24,USD,1426.6
2025-04-25,AED,389.38
2025-04-25,CNH,195.93
2025-04-25,EUR,1628.28
2025-04-25,JPY(100),1001.68
2025-04-25,USD,1430.2
2025-04-28,AED,390.57
2025-04-28,CNH,196.76
2025-04-28,EUR,1628.41
2025-04-28,JPY(100),997.88
2025-04-28,USD,1434.6
2025-04-29,AED,391.85
2025-04-29,CNH,197.4
2025-04-29,EUR,1642.1
2025-04-29,JPY(100),1011.85
2025-04-29,USD,1439.3
2025-04-30,AED,391.63
2025-04-30,CNH,197.7
2025-04-30,EUR,1638.24
2025-04-30,JPY(100),1011.07
2025-04-30,USD,1438.5
2025-05-02,AED,388.48
2025-05-02,CNH,196.6
2025-05-02,EUR,1611.54
2025-05-02,JPY(100),980.89
2025-05-02,USD,1426.9
2025-05-07,AED,388.4
2025-05-07,CNH,196.92
2025-05-07,EUR,1617.27
2025-05-07,JPY(100),995.92
2025-05-07,USD,1426.6
2025-05-08,AED,379.54
2025-05-08,CNH,193.23
2025-05-08,EUR,1575.82
2025-05-08,JPY(100),969.17
2025-05-08,USD,1394.1
2025-05-09,AED,380.08
2025-05-09,CNH,192.84
2025-05-09,EUR,1567.22
2025-05-09,JPY(100),956.69
2025-05-09,USD,1396
2025-05-12,AED,382.68
2025-05-12,CNH,193.81
2025-05-12,EUR,1578.35
2025-05-12,JPY(100),964.23
2025-05-12,USD,1405.6
2025-05-13,AED,381.26
2025-05-13,CNH,193.99
2025-05-13,EUR,1553.25
2025-05-13,JPY(100),943.38
2025-05-13,USD,1400.4
2025-05-14,AED,384.88
2025-05-14,CNH,196.71
2025-05-14,EUR,1581.72
2025-05-14,JPY(100),958.67
2025-05-14,USD,1413.7
2025-05-15,AED,385.46
2025-05-15,CNH,196.32
2025-05-15,EUR,1583.64
2025-05-15,JPY(100),966.12
2025-05-15,USD,1415.8
2025-05-16,AED,381.05
2025-05-16,CNH,194.03
2025-05-16,EUR,1566.43
2025-05-16,JPY(100),961.96
2025-05-16,USD,1399.6
2025-05-19,AED,379.64
2025-05-19,CNH,193.86
2025-05-19,EUR,1560.36
2025-05-19,JPY(100),960.43
2025-05-19,USD,1394.3
2025-05-20,AED,380.63
2025-05-20,CNH,193.86
2025-05-20,EUR,1570.51
2025-05-20,JPY(100),964.5
2025-05-20,USD,1398
2025-05-21,AED,379.14
2025-05-21,CNH,193.13
2025-05-21,EUR,1571.2
2025-05-21,JPY(100),964.5
2025-05-21,USD,1392.6
2025-05-22,AED,377.64
2025-05-22,CNH,192.4
2025-05-22,EUR,1569.85
2025-05-22,JPY(100),962.96
2025-05-22,USD,1387.1
2025-05-23,AED,375.27
2025-05-23,CNH,191.6
2025-05-23,EUR,1555.94
2025-05-23,JPY(100),958.59
2025-05-23,USD,1378.4
2025-05-26,AED,374.87
2025-05-26,CNH,191.05
2025-05-26,EUR,1566.36
2025-05-26,JPY(100),964.05
2025-05-26,USD,1376.9
2025-05-27,AED,371.62
2025-05-27,CNH,190.19
2025-05-27,EUR,1554.74
2025-05-27,JPY(100),956.62
2025-05-27,USD,1365
2025-05-28,AED,372.53
2025-05-28,CNH,190.43
2025-05-28,EUR,1551.04
2025-05-28,JPY(100),948.79
2025-05-28,USD,1368.3
2025-05-29,AED,374.29
2025-05-29,CNH,191.27
2025-05-29,EUR,1551.17
2025-05-29,JPY(100),946.56
2025-05-29,USD,1374.6
2025-05-30,AED,376.14
2025-05-30,CNH,191.88
2025-05-30,EUR,1571.14
2025-05-30,JPY(100),959.27
2025-05-30,USD,1381.4
2025-06-02,AED,374.58
2025-06-02,CNH,191.17
2025-06-02,EUR,1562.73
2025-06-02,JPY(100),956.78
2025-06-02,USD,1375.7
2025-06-04,AED,374.91
2025-06-04,CNH,190.9
2025-06-04,EUR,1566.29
2025-06-04,JPY(100),956.75
2025-06-04,USD,1376.9
2025-06-05,AED,374.07
2025-06-05,CNH,190.98
2025-06-05,EUR,1569.09
2025-06-05,JPY(100),962.18
2025-06-05,USD,1373.8
2025-06-09,AED,370
2025-06-09,CNH,189.25
2025-06-09,EUR,1550.21
2025-06-09,JPY(100),939.48
2025-06-09,USD,1359
2025-06-10,AED,370.03
2025-06-10,CNH,188.84
2025-06-10,EUR,1552.07
2025-06-10,JPY(100),939.47
2025-06-10,USD,1358.9
2025-06-11,AED,370.28
2025-06-11,CNH,189.18
2025-06-11,EUR,1554.64
2025-06-11,JPY(100),938.35
2025-06-11,USD,1359.9
2025-06-12,AED,372.71
2025-06-12,CNH,190.62
2025-06-12,EUR,1575.08
2025-06-12,JPY(100),948.94
2025-06-12,USD,1368.8
2025-06-13,AED,371.1
2025-06-13,CNH,189.39
2025-06-13,EUR,1579.81
2025-06-13,JPY(100),950.22
2025-06-13,USD,1362.9
2025-06-16,AED,372.12
2025-06-16,CNH,190.88
2025-06-16,EUR,1576.81
2025-06-16,JPY(100),945.59
2025-06-16,USD,1366.8
2025-06-17,AED,371.29
2025-06-17,CNH,189.93
2025-06-17,EUR,1576.25
2025-06-17,JPY(100),942.66
2025-06-17,USD,1363.6
2025-06-18,AED,370.77
2025-06-18,CNH,189.65
2025-06-18,EUR,1563.03
2025-06-18,JPY(100),936.87
2025-06-18,USD,1361.7
2025-06-19,AED,373.92
2025-06-19,CNH,190.85
2025-06-19,EUR,1576.3
2025-06-19,JPY(100),946.87
2025-06-19,USD,1373.2
2025-06-20,AED,375.66
2025-06-20,CNH,191.86
2025-06-20,EUR,1586.75
2025-06-20,JPY(100),948.6
2025-06-20,USD,1379.6
2025-06-23,AED,372.89
2025-06-23,CNH,190.76
2025-06-23,EUR,1573.17
2025-06-23,JPY(100),935.54
2025-06-23,USD,1369.4
2025-06-24,AED,376.28
2025-06-24,CNH,192.32
2025-06-24,EUR,1602.66
2025-06-24,JPY(100),947.16
2025-06-24,USD,1381.9
2025-06-25,AED,371.68
2025-06-25,CNH,190.31
2025-06-25,EUR,1584.77
2025-06-25,JPY(100),941.9
2025-06-25,USD,1365
2025-06-26,AED,370.57
2025-06-26,CNH,190.07
2025-06-26,EUR,1588.17
2025-06-26,JPY(100),938.2
2025-06-26,USD,1360.9
2025-06-27,AED,369.66
2025-06-27,CNH,189.56
2025-06-27,EUR,1587.1
2025-06-27,JPY(100),939.26
2025-06-27,USD,1357.6
2025-06-30,AED,369.33
2025-06-30,CNH,189.16
2025-06-30,EUR,1591.8
2025-06-30,JPY(100),938.98
2025-06-30,USD,1356.4
2025-07-01,AED,368.57
2025-07-01,CNH,189.23
2025-07-01,EUR,1595.42
2025-07-01,JPY(100),940.65
2025-07-01,USD,1353.6
2025-07-02,AED,368.29
2025-07-02,CNH,189.02
2025-07-02,EUR,1596.34
2025-07-02,JPY(100),943.01
2025-07-02,USD,1352.6
2025-07-03,AED,370.15
2025-07-03,CNH,189.68
2025-07-03,EUR,1604.02
2025-07-03,JPY(100),946.82
2025-07-03,USD,1359.4
2025-07-04,AED,369.8
2025-07-04,CNH,189.69
2025-07-04,EUR,1597.06
2025-07-04,JPY(100),937.43
2025-07-04,USD,1358.1
2025-07-07,AED,371.39
2025-07-07,CNH,190.55
2025-07-07,EUR,1607.1
2025-07-07,JPY(100),943.95
2025-07-07,USD,1364.2
2025-07-08,AED,372.11
2025-07-08,CNH,190.67
2025-07-08,EUR,1603.91
2025-07-08,JPY(100),936.77
2025-07-08,USD,1366.6
2025-07-09,AED,372.49
2025-07-09,CNH,190.61
2025-07-09,EUR,1604.19
2025-07-09,JPY(100),932.77
2025-07-09,USD,1368
2025-07-10,AED,374.07
2025-07-10,CNH,191.21
2025-07-10,EUR,1610.64
2025-07-10,JPY(100),939.25
2025-07-10,USD,1373.8
2025-07-11,AED,373.85
2025-07-11,CNH,191.27
2025-07-11,EUR,1607.1
2025-07-11,JPY(100),939.32
2025-07-11,USD,1373
2025-07-14,AED,374.26
2025-07-14,CNH,191.92
2025-07-14,EUR,1604.07
2025-07-14,JPY(100),932.16
2025-07-14,USD,1374.7
2025-07-15,AED,375.35
2025-07-15,CNH,192.2
2025-07-15,EUR,1608.02
2025-07-15,JPY(100),932.52
2025-07-15,USD,1378.5
2025-07-16,AED,376.49
2025-07-16,CNH,192.68
2025-07-16,EUR,1604.49
2025-07-16,JPY(100),928.77
2025-07-16,USD,1382.7
2025-07-17,AED,377.69
2025-07-17,CNH,193.15
2025-07-17,EUR,1614.17
2025-07-17,JPY(100),937.9
2025-07-17,USD,1387.1
2025-07-18,AED,378.66
2025-07-18,CNH,193.66
2025-07-18,EUR,1615.76
2025-07-18,JPY(100),937.73
2025-07-18,USD,1390.8
2025-07-21,AED,378.95
2025-07-21,CNH,193.63
2025-07-21,EUR,1618.29
2025-07-21,JPY(100),936.64
2025-07-21,USD,1391.9
2025-07-22,AED,378.78
2025-07-22,CNH,193.81
2025-07-22,EUR,1626.82
2025-07-22,JPY(100),943.66
2025-07-22,USD,1391.1
2025-07-23,AED,377.47
2025-07-23,CNH,193.11
2025-07-23,EUR,1628.63
2025-07-23,JPY(100),945.02
2025-07-23,USD,1386.3
2025-07-24,AED,375.51
2025-07-24,CNH,192.37
2025-07-24,EUR,1623.89
2025-07-24,JPY(100),941.94
2025-07-24,USD,1379.1
2025-07-25,AED,372.68
2025-07-25,CNH,191.35
2025-07-25,EUR,1608.91
2025-07-25,JPY(100),930.96
2025-07-25,USD,1368.7
2025-07-28,AED,374.62
2025-07-28,CNH,192.26
2025-07-28,EUR,1617.69
2025-07-28,JPY(100),931.21
2025-07-28,USD,1376
2025-07-29,AED,375.65
2025-07-29,CNH,192.64
2025-07-29,EUR,1599.58
2025-07-29,JPY(100),928.96
2025-07-29,USD,1379.6
2025-07-30,AED,378.86
2025-07-30,CNH,193.74
2025-07-30,EUR,1607.07
2025-07-30,JPY(100),936.88
2025-07-30,USD,1391.4
2025-07-31,AED,376.55
2025-07-31,CNH,192.68
2025-07-31,EUR,1579.62
2025-07-31,JPY(100),926.1
2025-07-31,USD,1382.9
2025-08-01,AED,378.59
2025-08-01,CNH,193.18
2025-08-01,EUR,1588.18
2025-08-01,JPY(100),922.78
2025-08-01,USD,1390.4
2025-08-04,AED,380.96
2025-08-04,CNH,193.95
2025-08-04,EUR,1620.6
2025-08-04,JPY(100),950.1
2025-08-04,USD,1399.3
2025-08-05,AED,377.09
2025-08-05,CNH,192.7
2025-08-05,EUR,1604.13
2025-08-05,JPY(100),943.42
2025-08-05,USD,1384.9
2025-08-06,AED,377.58
2025-08-06,CNH,193.2
2025-08-06,EUR,1605.31
2025-08-06,JPY(100),939.66
2025-08-06,USD,1386.7
2025-08-07,AED,378.34
2025-08-07,CNH,193.15
2025-08-07,EUR,1620.43
2025-08-07,JPY(100),943.89
2025-08-07,USD,1389.5
2025-08-08,AED,376.9
2025-08-08,CNH,192.97
2025-08-08,EUR,1615.71
2025-08-08,JPY(100),942.5
2025-08-08,USD,1384.2
2025-08-11,AED,377.34
2025-08-11,CNH,193
2025-08-11,EUR,1614.2
2025-08-11,JPY(100),938.07
2025-08-11,USD,1386
2025-08-12,AED,378.02
2025-08-12,CNH,193.05
2025-08-12,EUR,1612.44
2025-08-12,JPY(100),936.74
2025-08-12,USD,1388.3
2025-08-13,AED,378.53
2025-08-13,CNH,193.24
2025-08-13,EUR,1623.41
2025-08-13,JPY(100),940.72
2025-08-13,USD,1390.2
2025-08-14,AED,376.79
2025-08-14,CNH,192.66
2025-08-14,EUR,1620.29
2025-08-14,JPY(100),940.05
2025-08-14,USD,1383.8
2025-08-18,AED,376.31
2025-08-18,CNH,192.94
2025-08-18,EUR,1618.56
2025-08-18,JPY(100),938.52
2025-08-18,USD,1382.2
2025-08-19,AED,377.2
2025-08-19,CNH,192.78
2025-08-19,EUR,1616.16
2025-08-19,JPY(100),936.39
2025-08-19,USD,1385.3
2025-08-20,AED,378.32
2025-08-20,CNH,193.29
2025-08-20,EUR,1618.1
2025-08-20,JPY(100),940.95
2025-08-20,USD,1389.4
2025-08-21,AED,380.52
2025-08-21,CNH,194.56
2025-08-21,EUR,1628.16
2025-08-21,JPY(100),948.13
2025-08-21,USD,1397.5
2025-08-22,AED,380.66
2025-08-22,CNH,194.8
2025-08-22,EUR,1623.4
2025-08-22,JPY(100),942.15
2025-08-22,USD,1398.1
2025-08-25,AED,380
2025-08-25,CNH,194.46
2025-08-25,EUR,1634.6
2025-08-25,JPY(100),948.65
2025-08-25,USD,1395.6
2025-08-25,AED,380
2025-08-25,CNH,194.46
2025-08-25,EUR,1634.6
2025-08-25,JPY(100),948.65
2025-08-25,USD,1395.6
